0,  rl, all,0.25297,1,0,0,1,2,0,0.25297,0,  rl, all,0.25297,0,0,0,1,1,,,,,0,  rl, all,0.25297,0,0,0,1,1,,
0,  call4, all,0.23958,0,0,0,1,1,,,0,  call4, all,0.23958,0,0,0,1,1,,,,,0,  call4, all,0.23958,1,0,0,1,2,0.23958,0
0,  call4, rl,0.22032,0,1,0,0,1,,,0,  call4, rl,0.22032,0,0,0,0,0,,,,,0,  call4, rl,0.22032,1,0,0,0,1,,
0,  all,mit,0.15902,0,0,1,0,1,,,0,  all,mit,0.15902,0,1,1,0,2,0.15902,0,,,0,  all,mit,0.15902,0,1,1,0,2,0.15902,0
0,  call4,mit,0.13811,0,0,0,0,0,,,0,  call4,mit,0.13811,0,1,0,0,1,,,,,0,  call4,mit,0.13811,1,1,0,0,2,0.13811,0
0,  rl,mit,0.10648,1,0,0,0,1,,,0,  rl,mit,0.10648,0,1,0,0,1,,,,,0,  rl,mit,0.10648,0,1,0,0,1,,
1,  rl, all,0.32175,1,0,0,1,2,1,0.32175,1,  rl, all,0.32175,0,0,0,1,1,,,,,1,  rl, all,0.32175,0,0,0,1,1,,
1,  call4, all,0.29171,0,0,0,1,1,,,1,  call4, all,0.29171,0,0,0,1,1,,,,,1,  call4, all,0.29171,1,0,0,1,2,0.29171,1
1,  call4, rl,0.23813,0,1,0,0,1,,,1,  call4, rl,0.23813,0,0,0,0,0,,,,,1,  call4, rl,0.23813,1,0,0,0,1,,
1,  all,mit,0.20779,0,0,1,0,1,,,1,  all,mit,0.20779,0,1,1,0,2,0.20779,1,,,1,  all,mit,0.20779,0,1,1,0,2,0.20779,1
1,  call4,mit,0.17111,0,0,0,0,0,,,1,  call4,mit,0.17111,0,1,0,0,1,,,,,1,  call4,mit,0.17111,1,1,0,0,2,0.17111,1
1,  rl,mit,0.15912,1,0,0,0,1,,,1,  rl,mit,0.15912,0,1,0,0,1,,,,,1,  rl,mit,0.15912,0,1,0,0,1,,
2,  call4, all,0.32209,0,0,0,1,1,,,2,  call4, all,0.32209,0,0,0,1,1,,,,,2,  call4, all,0.32209,1,0,0,1,2,0.32209,2
2,  rl, all,0.30094,1,0,0,1,2,2,0.30094,2,  rl, all,0.30094,0,0,0,1,1,,,,,2,  rl, all,0.30094,0,0,0,1,1,,
2,  call4, rl,0.24433,0,1,0,0,1,,,2,  call4, rl,0.24433,0,0,0,0,0,,,,,2,  call4, rl,0.24433,1,0,0,0,1,,
2,  all,mit,0.22768,0,0,1,0,1,,,2,  all,mit,0.22768,0,1,1,0,2,0.22768,2,,,2,  all,mit,0.22768,0,1,1,0,2,0.22768,2
2,  call4,mit,0.21292,0,0,0,0,0,,,2,  call4,mit,0.21292,0,1,0,0,1,,,,,2,  call4,mit,0.21292,1,1,0,0,2,0.21292,2
2,  rl,mit,0.19418,1,0,0,0,1,,,2,  rl,mit,0.19418,0,1,0,0,1,,,,,2,  rl,mit,0.19418,0,1,0,0,1,,
3,  call4, all,0.30359,0,0,0,1,1,,,3,  call4, all,0.30359,0,0,0,1,1,,,,,3,  call4, all,0.30359,1,0,0,1,2,0.30359,3
3,  rl, all,0.28447,1,0,0,1,2,3,0.28447,3,  rl, all,0.28447,0,0,0,1,1,,,,,3,  rl, all,0.28447,0,0,0,1,1,,
3,  call4, rl,0.27606,0,1,0,0,1,,,3,  call4, rl,0.27606,0,0,0,0,0,,,,,3,  call4, rl,0.27606,1,0,0,0,1,,
3,  rl,mit,0.20466,1,0,0,0,1,,,3,  rl,mit,0.20466,0,1,0,0,1,,,,,3,  rl,mit,0.20466,0,1,0,0,1,,
3,  call4,mit,0.20466,0,0,0,0,0,,,3,  call4,mit,0.20466,0,1,0,0,1,,,,,3,  call4,mit,0.20466,1,1,0,0,2,0.20466,3
3,  all,mit,0.20423,0,0,1,0,1,,,3,  all,mit,0.20423,0,1,1,0,2,0.20423,3,,,3,  all,mit,0.20423,0,1,1,0,2,0.20423,3
4,  call4, all,0.31864,0,0,0,1,1,,,4,  call4, all,0.31864,0,0,0,1,1,,,,,4,  call4, all,0.31864,1,0,0,1,2,0.31864,4
4,  rl, all,0.28712,1,0,0,1,2,4,0.28712,4,  rl, all,0.28712,0,0,0,1,1,,,,,4,  rl, all,0.28712,0,0,0,1,1,,
4,  call4, rl,0.26576,0,1,0,0,1,,,4,  call4, rl,0.26576,0,0,0,0,0,,,,,4,  call4, rl,0.26576,1,0,0,0,1,,
4,  all,mit,0.21707,0,0,1,0,1,,,4,  all,mit,0.21707,0,1,1,0,2,0.21707,4,,,4,  all,mit,0.21707,0,1,1,0,2,0.21707,4
4,  call4,mit,0.20913,0,0,0,0,0,,,4,  call4,mit,0.20913,0,1,0,0,1,,,,,4,  call4,mit,0.20913,1,1,0,0,2,0.20913,4
4,  rl,mit,0.17109,1,0,0,0,1,,,4,  rl,mit,0.17109,0,1,0,0,1,,,,,4,  rl,mit,0.17109,0,1,0,0,1,,
5,  call4, all,0.28512,0,0,0,1,1,,,5,  call4, all,0.28512,0,0,0,1,1,,,,,5,  call4, all,0.28512,1,0,0,1,2,0.28512,5
5,  call4, rl,0.27666,0,1,0,0,1,,,5,  call4, rl,0.27666,0,0,0,0,0,,,,,5,  call4, rl,0.27666,1,0,0,0,1,,
5,  rl, all,0.26153,1,0,0,1,2,5,0.26153,5,  rl, all,0.26153,0,0,0,1,1,,,,,5,  rl, all,0.26153,0,0,0,1,1,,
5,  call4,mit,0.23248,0,0,0,0,0,,,5,  call4,mit,0.23248,0,1,0,0,1,,,,,5,  call4,mit,0.23248,1,1,0,0,2,0.23248,5
5,  all,mit,0.2053,0,0,1,0,1,,,5,  all,mit,0.2053,0,1,1,0,2,0.2053,5,,,5,  all,mit,0.2053,0,1,1,0,2,0.2053,5
5,  rl,mit,0.15761,1,0,0,0,1,,,5,  rl,mit,0.15761,0,1,0,0,1,,,,,5,  rl,mit,0.15761,0,1,0,0,1,,
6,  call4, all,0.34341,0,0,0,1,1,,,6,  call4, all,0.34341,0,0,0,1,1,,,,,6,  call4, all,0.34341,1,0,0,1,2,0.34341,6
6,  rl, all,0.30591,1,0,0,1,2,6,0.30591,6,  rl, all,0.30591,0,0,0,1,1,,,,,6,  rl, all,0.30591,0,0,0,1,1,,
6,  call4,mit,0.23913,0,0,0,0,0,,,6,  call4,mit,0.23913,0,1,0,0,1,,,,,6,  call4,mit,0.23913,1,1,0,0,2,0.23913,6
6,  call4, rl,0.23216,0,1,0,0,1,,,6,  call4, rl,0.23216,0,0,0,0,0,,,,,6,  call4, rl,0.23216,1,0,0,0,1,,
6,  all,mit,0.2232,0,0,1,0,1,,,6,  all,mit,0.2232,0,1,1,0,2,0.2232,6,,,6,  all,mit,0.2232,0,1,1,0,2,0.2232,6
6,  rl,mit,0.15781,1,0,0,0,1,,,6,  rl,mit,0.15781,0,1,0,0,1,,,,,6,  rl,mit,0.15781,0,1,0,0,1,,
7,  rl, all,0.32571,1,0,0,1,2,7,0.32571,7,  rl, all,0.32571,0,0,0,1,1,,,,,7,  rl, all,0.32571,0,0,0,1,1,,
7,  call4, all,0.30109,0,0,0,1,1,,,7,  call4, all,0.30109,0,0,0,1,1,,,,,7,  call4, all,0.30109,1,0,0,1,2,0.30109,7
7,  call4, rl,0.24195,0,1,0,0,1,,,7,  call4, rl,0.24195,0,0,0,0,0,,,,,7,  call4, rl,0.24195,1,0,0,0,1,,
7,  all,mit,0.22593,0,0,1,0,1,,,7,  all,mit,0.22593,0,1,1,0,2,0.22593,7,,,7,  all,mit,0.22593,0,1,1,0,2,0.22593,7
7,  call4,mit,0.22107,0,0,0,0,0,,,7,  call4,mit,0.22107,0,1,0,0,1,,,,,7,  call4,mit,0.22107,1,1,0,0,2,0.22107,7
7,  rl,mit,0.14965,1,0,0,0,1,,,7,  rl,mit,0.14965,0,1,0,0,1,,,,,7,  rl,mit,0.14965,0,1,0,0,1,,
8,  call4, all,0.33399,0,0,0,1,1,,,8,  call4, all,0.33399,0,0,0,1,1,,,,,8,  call4, all,0.33399,1,0,0,1,2,0.33399,8
8,  rl, all,0.32741,1,0,0,1,2,8,0.32741,8,  rl, all,0.32741,0,0,0,1,1,,,,,8,  rl, all,0.32741,0,0,0,1,1,,
8,  call4, rl,0.29361,0,1,0,0,1,,,8,  call4, rl,0.29361,0,0,0,0,0,,,,,8,  call4, rl,0.29361,1,0,0,0,1,,
8,  call4,mit,0.24141,0,0,0,0,0,,,8,  call4,mit,0.24141,0,1,0,0,1,,,,,8,  call4,mit,0.24141,1,1,0,0,2,0.24141,8
8,  rl,mit,0.2094,1,0,0,0,1,,,8,  rl,mit,0.2094,0,1,0,0,1,,,,,8,  rl,mit,0.2094,0,1,0,0,1,,
8,  all,mit,0.19101,0,0,1,0,1,,,8,  all,mit,0.19101,0,1,1,0,2,0.19101,8,,,8,  all,mit,0.19101,0,1,1,0,2,0.19101,8
9,  call4, all,0.30757,0,0,0,1,1,,,9,  call4, all,0.30757,0,0,0,1,1,,,,,9,  call4, all,0.30757,1,0,0,1,2,0.30757,9
9,  rl, all,0.29796,1,0,0,1,2,9,0.29796,9,  rl, all,0.29796,0,0,0,1,1,,,,,9,  rl, all,0.29796,0,0,0,1,1,,
9,  call4,mit,0.29434,0,0,0,0,0,,,9,  call4,mit,0.29434,0,1,0,0,1,,,,,9,  call4,mit,0.29434,1,1,0,0,2,0.29434,9
9,  call4, rl,0.25325,0,1,0,0,1,,,9,  call4, rl,0.25325,0,0,0,0,0,,,,,9,  call4, rl,0.25325,1,0,0,0,1,,
9,  all,mit,0.22979,0,0,1,0,1,,,9,  all,mit,0.22979,0,1,1,0,2,0.22979,9,,,9,  all,mit,0.22979,0,1,1,0,2,0.22979,9
9,  rl,mit,0.19526,1,0,0,0,1,,,9,  rl,mit,0.19526,0,1,0,0,1,,,,,9,  rl,mit,0.19526,0,1,0,0,1,,
10,  rl, all,0.28535,1,0,0,1,2,10,0.28535,10,  rl, all,0.28535,0,0,0,1,1,,,,,10,  rl, all,0.28535,0,0,0,1,1,,
10,  call4, all,0.28283,0,0,0,1,1,,,10,  call4, all,0.28283,0,0,0,1,1,,,,,10,  call4, all,0.28283,1,0,0,1,2,0.28283,10
10,  call4, rl,0.27675,0,1,0,0,1,,,10,  call4, rl,0.27675,0,0,0,0,0,,,,,10,  call4, rl,0.27675,1,0,0,0,1,,
10,  call4,mit,0.22487,0,0,0,0,0,,,10,  call4,mit,0.22487,0,1,0,0,1,,,,,10,  call4,mit,0.22487,1,1,0,0,2,0.22487,10
10,  all,mit,0.21591,0,0,1,0,1,,,10,  all,mit,0.21591,0,1,1,0,2,0.21591,10,,,10,  all,mit,0.21591,0,1,1,0,2,0.21591,10
10,  rl,mit,0.15542,1,0,0,0,1,,,10,  rl,mit,0.15542,0,1,0,0,1,,,,,10,  rl,mit,0.15542,0,1,0,0,1,,
11,  call4, all,0.29666,0,0,0,1,1,,,11,  call4, all,0.29666,0,0,0,1,1,,,,,11,  call4, all,0.29666,1,0,0,1,2,0.29666,11
11,  rl, all,0.2966,1,0,0,1,2,11,0.2966,11,  rl, all,0.2966,0,0,0,1,1,,,,,11,  rl, all,0.2966,0,0,0,1,1,,
11,  call4, rl,0.25764,0,1,0,0,1,,,11,  call4, rl,0.25764,0,0,0,0,0,,,,,11,  call4, rl,0.25764,1,0,0,0,1,,
11,  all,mit,0.24054,0,0,1,0,1,,,11,  all,mit,0.24054,0,1,1,0,2,0.24054,11,,,11,  all,mit,0.24054,0,1,1,0,2,0.24054,11
11,  call4,mit,0.20879,0,0,0,0,0,,,11,  call4,mit,0.20879,0,1,0,0,1,,,,,11,  call4,mit,0.20879,1,1,0,0,2,0.20879,11
11,  rl,mit,0.15136,1,0,0,0,1,,,11,  rl,mit,0.15136,0,1,0,0,1,,,,,11,  rl,mit,0.15136,0,1,0,0,1,,
12,  rl, all,0.31908,1,0,0,1,2,12,0.31908,12,  rl, all,0.31908,0,0,0,1,1,,,,,12,  rl, all,0.31908,0,0,0,1,1,,
12,  call4, all,0.29796,0,0,0,1,1,,,12,  call4, all,0.29796,0,0,0,1,1,,,,,12,  call4, all,0.29796,1,0,0,1,2,0.29796,12
12,  call4,mit,0.29744,0,0,0,0,0,,,12,  call4,mit,0.29744,0,1,0,0,1,,,,,12,  call4,mit,0.29744,1,1,0,0,2,0.29744,12
12,  call4, rl,0.25207,0,1,0,0,1,,,12,  call4, rl,0.25207,0,0,0,0,0,,,,,12,  call4, rl,0.25207,1,0,0,0,1,,
12,  all,mit,0.2322,0,0,1,0,1,,,12,  all,mit,0.2322,0,1,1,0,2,0.2322,12,,,12,  all,mit,0.2322,0,1,1,0,2,0.2322,12
12,  rl,mit,0.1721,1,0,0,0,1,,,12,  rl,mit,0.1721,0,1,0,0,1,,,,,12,  rl,mit,0.1721,0,1,0,0,1,,
13,  call4, all,0.34157,0,0,0,1,1,,,13,  call4, all,0.34157,0,0,0,1,1,,,,,13,  call4, all,0.34157,1,0,0,1,2,0.34157,13
13,  call4, rl,0.32792,0,1,0,0,1,,,13,  call4, rl,0.32792,0,0,0,0,0,,,,,13,  call4, rl,0.32792,1,0,0,0,1,,
13,  rl, all,0.31772,1,0,0,1,2,13,0.31772,13,  rl, all,0.31772,0,0,0,1,1,,,,,13,  rl, all,0.31772,0,0,0,1,1,,
13,  all,mit,0.22883,0,0,1,0,1,,,13,  all,mit,0.22883,0,1,1,0,2,0.22883,13,,,13,  all,mit,0.22883,0,1,1,0,2,0.22883,13
13,  call4,mit,0.2154,0,0,0,0,0,,,13,  call4,mit,0.2154,0,1,0,0,1,,,,,13,  call4,mit,0.2154,1,1,0,0,2,0.2154,13
13,  rl,mit,0.19644,1,0,0,0,1,,,13,  rl,mit,0.19644,0,1,0,0,1,,,,,13,  rl,mit,0.19644,0,1,0,0,1,,
14,  call4, all,0.30782,0,0,0,1,1,,,14,  call4, all,0.30782,0,0,0,1,1,,,,,14,  call4, all,0.30782,1,0,0,1,2,0.30782,14
14,  rl, all,0.28866,1,0,0,1,2,14,0.28866,14,  rl, all,0.28866,0,0,0,1,1,,,,,14,  rl, all,0.28866,0,0,0,1,1,,
14,  call4, rl,0.2666,0,1,0,0,1,,,14,  call4, rl,0.2666,0,0,0,0,0,,,,,14,  call4, rl,0.2666,1,0,0,0,1,,
14,  call4,mit,0.22159,0,0,0,0,0,,,14,  call4,mit,0.22159,0,1,0,0,1,,,,,14,  call4,mit,0.22159,1,1,0,0,2,0.22159,14
14,  all,mit,0.19345,0,0,1,0,1,,,14,  all,mit,0.19345,0,1,1,0,2,0.19345,14,,,14,  all,mit,0.19345,0,1,1,0,2,0.19345,14
14,  rl,mit,0.15184,1,0,0,0,1,,,14,  rl,mit,0.15184,0,1,0,0,1,,,,,14,  rl,mit,0.15184,0,1,0,0,1,,
15,  call4, all,0.34765,0,0,0,1,1,,,15,  call4, all,0.34765,0,0,0,1,1,,,,,15,  call4, all,0.34765,1,0,0,1,2,0.34765,15
15,  rl, all,0.323,1,0,0,1,2,15,0.323,15,  rl, all,0.323,0,0,0,1,1,,,,,15,  rl, all,0.323,0,0,0,1,1,,
15,  call4, rl,0.25035,0,1,0,0,1,,,15,  call4, rl,0.25035,0,0,0,0,0,,,,,15,  call4, rl,0.25035,1,0,0,0,1,,
15,  call4,mit,0.23122,0,0,0,0,0,,,15,  call4,mit,0.23122,0,1,0,0,1,,,,,15,  call4,mit,0.23122,1,1,0,0,2,0.23122,15
15,  all,mit,0.20568,0,0,1,0,1,,,15,  all,mit,0.20568,0,1,1,0,2,0.20568,15,,,15,  all,mit,0.20568,0,1,1,0,2,0.20568,15
15,  rl,mit,0.17632,1,0,0,0,1,,,15,  rl,mit,0.17632,0,1,0,0,1,,,,,15,  rl,mit,0.17632,0,1,0,0,1,,
16,  call4, all,0.31534,0,0,0,1,1,,,16,  call4, all,0.31534,0,0,0,1,1,,,,,16,  call4, all,0.31534,1,0,0,1,2,0.31534,16
16,  rl, all,0.29403,1,0,0,1,2,16,0.29403,16,  rl, all,0.29403,0,0,0,1,1,,,,,16,  rl, all,0.29403,0,0,0,1,1,,
16,  call4, rl,0.27433,0,1,0,0,1,,,16,  call4, rl,0.27433,0,0,0,0,0,,,,,16,  call4, rl,0.27433,1,0,0,0,1,,
16,  call4,mit,0.21846,0,0,0,0,0,,,16,  call4,mit,0.21846,0,1,0,0,1,,,,,16,  call4,mit,0.21846,1,1,0,0,2,0.21846,16
16,  rl,mit,0.21112,1,0,0,0,1,,,16,  rl,mit,0.21112,0,1,0,0,1,,,,,16,  rl,mit,0.21112,0,1,0,0,1,,
16,  all,mit,0.19571,0,0,1,0,1,,,16,  all,mit,0.19571,0,1,1,0,2,0.19571,16,,,16,  all,mit,0.19571,0,1,1,0,2,0.19571,16
17,  call4, all,0.31666,0,0,0,1,1,,,17,  call4, all,0.31666,0,0,0,1,1,,,,,17,  call4, all,0.31666,1,0,0,1,2,0.31666,17
17,  rl, all,0.28222,1,0,0,1,2,17,0.28222,17,  rl, all,0.28222,0,0,0,1,1,,,,,17,  rl, all,0.28222,0,0,0,1,1,,
17,  call4, rl,0.27861,0,1,0,0,1,,,17,  call4, rl,0.27861,0,0,0,0,0,,,,,17,  call4, rl,0.27861,1,0,0,0,1,,
17,  all,mit,0.24458,0,0,1,0,1,,,17,  all,mit,0.24458,0,1,1,0,2,0.24458,17,,,17,  all,mit,0.24458,0,1,1,0,2,0.24458,17
17,  call4,mit,0.18762,0,0,0,0,0,,,17,  call4,mit,0.18762,0,1,0,0,1,,,,,17,  call4,mit,0.18762,1,1,0,0,2,0.18762,17
17,  rl,mit,0.16256,1,0,0,0,1,,,17,  rl,mit,0.16256,0,1,0,0,1,,,,,17,  rl,mit,0.16256,0,1,0,0,1,,
18,  call4, all,0.34835,0,0,0,1,1,,,18,  call4, all,0.34835,0,0,0,1,1,,,,,18,  call4, all,0.34835,1,0,0,1,2,0.34835,18
18,  call4, rl,0.31385,0,1,0,0,1,,,18,  call4, rl,0.31385,0,0,0,0,0,,,,,18,  call4, rl,0.31385,1,0,0,0,1,,
18,  rl, all,0.30992,1,0,0,1,2,18,0.30992,18,  rl, all,0.30992,0,0,0,1,1,,,,,18,  rl, all,0.30992,0,0,0,1,1,,
18,  all,mit,0.23442,0,0,1,0,1,,,18,  all,mit,0.23442,0,1,1,0,2,0.23442,18,,,18,  all,mit,0.23442,0,1,1,0,2,0.23442,18
18,  call4,mit,0.1982,0,0,0,0,0,,,18,  call4,mit,0.1982,0,1,0,0,1,,,,,18,  call4,mit,0.1982,1,1,0,0,2,0.1982,18
18,  rl,mit,0.15412,1,0,0,0,1,,,18,  rl,mit,0.15412,0,1,0,0,1,,,,,18,  rl,mit,0.15412,0,1,0,0,1,,
19,  call4, all,0.30674,0,0,0,1,1,,,19,  call4, all,0.30674,0,0,0,1,1,,,,,19,  call4, all,0.30674,1,0,0,1,2,0.30674,19
19,  rl, all,0.29437,1,0,0,1,2,19,0.29437,19,  rl, all,0.29437,0,0,0,1,1,,,,,19,  rl, all,0.29437,0,0,0,1,1,,
19,  call4, rl,0.25513,0,1,0,0,1,,,19,  call4, rl,0.25513,0,0,0,0,0,,,,,19,  call4, rl,0.25513,1,0,0,0,1,,
19,  all,mit,0.23476,0,0,1,0,1,,,19,  all,mit,0.23476,0,1,1,0,2,0.23476,19,,,19,  all,mit,0.23476,0,1,1,0,2,0.23476,19
19,  call4,mit,0.19508,0,0,0,0,0,,,19,  call4,mit,0.19508,0,1,0,0,1,,,,,19,  call4,mit,0.19508,1,1,0,0,2,0.19508,19
19,  rl,mit,0.15694,1,0,0,0,1,,,19,  rl,mit,0.15694,0,1,0,0,1,,,,,19,  rl,mit,0.15694,0,1,0,0,1,,
20,  rl, all,0.3244,1,0,0,1,2,20,0.3244,20,  rl, all,0.3244,0,0,0,1,1,,,,,20,  rl, all,0.3244,0,0,0,1,1,,
20,  call4, rl,0.28885,0,1,0,0,1,,,20,  call4, rl,0.28885,0,0,0,0,0,,,,,20,  call4, rl,0.28885,1,0,0,0,1,,
20,  call4, all,0.28446,0,0,0,1,1,,,20,  call4, all,0.28446,0,0,0,1,1,,,,,20,  call4, all,0.28446,1,0,0,1,2,0.28446,20
20,  call4,mit,0.2342,0,0,0,0,0,,,20,  call4,mit,0.2342,0,1,0,0,1,,,,,20,  call4,mit,0.2342,1,1,0,0,2,0.2342,20
20,  all,mit,0.23004,0,0,1,0,1,,,20,  all,mit,0.23004,0,1,1,0,2,0.23004,20,,,20,  all,mit,0.23004,0,1,1,0,2,0.23004,20
20,  rl,mit,0.17518,1,0,0,0,1,,,20,  rl,mit,0.17518,0,1,0,0,1,,,,,20,  rl,mit,0.17518,0,1,0,0,1,,
21,  call4, all,0.29535,0,0,0,1,1,,,21,  call4, all,0.29535,0,0,0,1,1,,,,,21,  call4, all,0.29535,1,0,0,1,2,0.29535,21
21,  rl, all,0.27839,1,0,0,1,2,21,0.27839,21,  rl, all,0.27839,0,0,0,1,1,,,,,21,  rl, all,0.27839,0,0,0,1,1,,
21,  call4, rl,0.23096,0,1,0,0,1,,,21,  call4, rl,0.23096,0,0,0,0,0,,,,,21,  call4, rl,0.23096,1,0,0,0,1,,
21,  all,mit,0.21908,0,0,1,0,1,,,21,  all,mit,0.21908,0,1,1,0,2,0.21908,21,,,21,  all,mit,0.21908,0,1,1,0,2,0.21908,21
21,  call4,mit,0.20372,0,0,0,0,0,,,21,  call4,mit,0.20372,0,1,0,0,1,,,,,21,  call4,mit,0.20372,1,1,0,0,2,0.20372,21
21,  rl,mit,0.14186,1,0,0,0,1,,,21,  rl,mit,0.14186,0,1,0,0,1,,,,,21,  rl,mit,0.14186,0,1,0,0,1,,
22,  call4, all,0.3219,0,0,0,1,1,,,22,  call4, all,0.3219,0,0,0,1,1,,,,,22,  call4, all,0.3219,1,0,0,1,2,0.3219,22
22,  call4,mit,0.29927,0,0,0,0,0,,,22,  call4,mit,0.29927,0,1,0,0,1,,,,,22,  call4,mit,0.29927,1,1,0,0,2,0.29927,22
22,  rl, all,0.29194,1,0,0,1,2,22,0.29194,22,  rl, all,0.29194,0,0,0,1,1,,,,,22,  rl, all,0.29194,0,0,0,1,1,,
22,  call4, rl,0.24726,0,1,0,0,1,,,22,  call4, rl,0.24726,0,0,0,0,0,,,,,22,  call4, rl,0.24726,1,0,0,0,1,,
22,  all,mit,0.22968,0,0,1,0,1,,,22,  all,mit,0.22968,0,1,1,0,2,0.22968,22,,,22,  all,mit,0.22968,0,1,1,0,2,0.22968,22
22,  rl,mit,0.15523,1,0,0,0,1,,,22,  rl,mit,0.15523,0,1,0,0,1,,,,,22,  rl,mit,0.15523,0,1,0,0,1,,
23,  call4, all,0.3255,0,0,0,1,1,,,23,  call4, all,0.3255,0,0,0,1,1,,,,,23,  call4, all,0.3255,1,0,0,1,2,0.3255,23
23,  rl, all,0.2919,1,0,0,1,2,23,0.2919,23,  rl, all,0.2919,0,0,0,1,1,,,,,23,  rl, all,0.2919,0,0,0,1,1,,
23,  call4, rl,0.22435,0,1,0,0,1,,,23,  call4, rl,0.22435,0,0,0,0,0,,,,,23,  call4, rl,0.22435,1,0,0,0,1,,
23,  call4,mit,0.21965,0,0,0,0,0,,,23,  call4,mit,0.21965,0,1,0,0,1,,,,,23,  call4,mit,0.21965,1,1,0,0,2,0.21965,23
23,  all,mit,0.21084,0,0,1,0,1,,,23,  all,mit,0.21084,0,1,1,0,2,0.21084,23,,,23,  all,mit,0.21084,0,1,1,0,2,0.21084,23
23,  rl,mit,0.17081,1,0,0,0,1,,,23,  rl,mit,0.17081,0,1,0,0,1,,,,,23,  rl,mit,0.17081,0,1,0,0,1,,
24,  call4, all,0.29634,0,0,0,1,1,,,24,  call4, all,0.29634,0,0,0,1,1,,,,,24,  call4, all,0.29634,1,0,0,1,2,0.29634,24
24,  rl, all,0.29421,1,0,0,1,2,24,0.29421,24,  rl, all,0.29421,0,0,0,1,1,,,,,24,  rl, all,0.29421,0,0,0,1,1,,
24,  call4, rl,0.27145,0,1,0,0,1,,,24,  call4, rl,0.27145,0,0,0,0,0,,,,,24,  call4, rl,0.27145,1,0,0,0,1,,
24,  rl,mit,0.23573,1,0,0,0,1,,,24,  rl,mit,0.23573,0,1,0,0,1,,,,,24,  rl,mit,0.23573,0,1,0,0,1,,
24,  call4,mit,0.22402,0,0,0,0,0,,,24,  call4,mit,0.22402,0,1,0,0,1,,,,,24,  call4,mit,0.22402,1,1,0,0,2,0.22402,24
24,  all,mit,0.21528,0,0,1,0,1,,,24,  all,mit,0.21528,0,1,1,0,2,0.21528,24,,,24,  all,mit,0.21528,0,1,1,0,2,0.21528,24
25,  call4, all,0.30423,0,0,0,1,1,,,25,  call4, all,0.30423,0,0,0,1,1,,,,,25,  call4, all,0.30423,1,0,0,1,2,0.30423,25
25,  call4, rl,0.28862,0,1,0,0,1,,,25,  call4, rl,0.28862,0,0,0,0,0,,,,,25,  call4, rl,0.28862,1,0,0,0,1,,
25,  rl, all,0.27157,1,0,0,1,2,25,0.27157,25,  rl, all,0.27157,0,0,0,1,1,,,,,25,  rl, all,0.27157,0,0,0,1,1,,
25,  all,mit,0.2506,0,0,1,0,1,,,25,  all,mit,0.2506,0,1,1,0,2,0.2506,25,,,25,  all,mit,0.2506,0,1,1,0,2,0.2506,25
25,  call4,mit,0.19782,0,0,0,0,0,,,25,  call4,mit,0.19782,0,1,0,0,1,,,,,25,  call4,mit,0.19782,1,1,0,0,2,0.19782,25
25,  rl,mit,0.1838,1,0,0,0,1,,,25,  rl,mit,0.1838,0,1,0,0,1,,,,,25,  rl,mit,0.1838,0,1,0,0,1,,
26,  call4, all,0.29349,0,0,0,1,1,,,26,  call4, all,0.29349,0,0,0,1,1,,,,,26,  call4, all,0.29349,1,0,0,1,2,0.29349,26
26,  all,mit,0.26119,0,0,1,0,1,,,26,  all,mit,0.26119,0,1,1,0,2,0.26119,26,,,26,  all,mit,0.26119,0,1,1,0,2,0.26119,26
26,  rl, all,0.25669,1,0,0,1,2,26,0.25669,26,  rl, all,0.25669,0,0,0,1,1,,,,,26,  rl, all,0.25669,0,0,0,1,1,,
26,  call4, rl,0.25433,0,1,0,0,1,,,26,  call4, rl,0.25433,0,0,0,0,0,,,,,26,  call4, rl,0.25433,1,0,0,0,1,,
26,  call4,mit,0.20982,0,0,0,0,0,,,26,  call4,mit,0.20982,0,1,0,0,1,,,,,26,  call4,mit,0.20982,1,1,0,0,2,0.20982,26
26,  rl,mit,0.14536,1,0,0,0,1,,,26,  rl,mit,0.14536,0,1,0,0,1,,,,,26,  rl,mit,0.14536,0,1,0,0,1,,
27,  call4, all,0.33209,0,0,0,1,1,,,27,  call4, all,0.33209,0,0,0,1,1,,,,,27,  call4, all,0.33209,1,0,0,1,2,0.33209,27
27,  call4, rl,0.27655,0,1,0,0,1,,,27,  call4, rl,0.27655,0,0,0,0,0,,,,,27,  call4, rl,0.27655,1,0,0,0,1,,
27,  rl, all,0.27438,1,0,0,1,2,27,0.27438,27,  rl, all,0.27438,0,0,0,1,1,,,,,27,  rl, all,0.27438,0,0,0,1,1,,
27,  call4,mit,0.22634,0,0,0,0,0,,,27,  call4,mit,0.22634,0,1,0,0,1,,,,,27,  call4,mit,0.22634,1,1,0,0,2,0.22634,27
27,  all,mit,0.21807,0,0,1,0,1,,,27,  all,mit,0.21807,0,1,1,0,2,0.21807,27,,,27,  all,mit,0.21807,0,1,1,0,2,0.21807,27
27,  rl,mit,0.16856,1,0,0,0,1,,,27,  rl,mit,0.16856,0,1,0,0,1,,,,,27,  rl,mit,0.16856,0,1,0,0,1,,
28,  call4, rl,0.31262,0,1,0,0,1,,,28,  call4, rl,0.31262,0,0,0,0,0,,,,,28,  call4, rl,0.31262,1,0,0,0,1,,
28,  call4, all,0.29256,0,0,0,1,1,,,28,  call4, all,0.29256,0,0,0,1,1,,,,,28,  call4, all,0.29256,1,0,0,1,2,0.29256,28
28,  rl, all,0.25633,1,0,0,1,2,28,0.25633,28,  rl, all,0.25633,0,0,0,1,1,,,,,28,  rl, all,0.25633,0,0,0,1,1,,
28,  all,mit,0.22108,0,0,1,0,1,,,28,  all,mit,0.22108,0,1,1,0,2,0.22108,28,,,28,  all,mit,0.22108,0,1,1,0,2,0.22108,28
28,  rl,mit,0.20601,1,0,0,0,1,,,28,  rl,mit,0.20601,0,1,0,0,1,,,,,28,  rl,mit,0.20601,0,1,0,0,1,,
28,  call4,mit,0.19084,0,0,0,0,0,,,28,  call4,mit,0.19084,0,1,0,0,1,,,,,28,  call4,mit,0.19084,1,1,0,0,2,0.19084,28
29,  call4, all,0.34248,0,0,0,1,1,,,29,  call4, all,0.34248,0,0,0,1,1,,,,,29,  call4, all,0.34248,1,0,0,1,2,0.34248,29
29,  rl, all,0.27868,1,0,0,1,2,29,0.27868,29,  rl, all,0.27868,0,0,0,1,1,,,,,29,  rl, all,0.27868,0,0,0,1,1,,
29,  call4, rl,0.24061,0,1,0,0,1,,,29,  call4, rl,0.24061,0,0,0,0,0,,,,,29,  call4, rl,0.24061,1,0,0,0,1,,
29,  call4,mit,0.23673,0,0,0,0,0,,,29,  call4,mit,0.23673,0,1,0,0,1,,,,,29,  call4,mit,0.23673,1,1,0,0,2,0.23673,29
29,  all,mit,0.22987,0,0,1,0,1,,,29,  all,mit,0.22987,0,1,1,0,2,0.22987,29,,,29,  all,mit,0.22987,0,1,1,0,2,0.22987,29
29,  rl,mit,0.18881,1,0,0,0,1,,,29,  rl,mit,0.18881,0,1,0,0,1,,,,,29,  rl,mit,0.18881,0,1,0,0,1,,
30,  call4, all,0.29101,0,0,0,1,1,,,30,  call4, all,0.29101,0,0,0,1,1,,,,,30,  call4, all,0.29101,1,0,0,1,2,0.29101,30
30,  rl, all,0.27266,1,0,0,1,2,30,0.27266,30,  rl, all,0.27266,0,0,0,1,1,,,,,30,  rl, all,0.27266,0,0,0,1,1,,
30,  call4, rl,0.26231,0,1,0,0,1,,,30,  call4, rl,0.26231,0,0,0,0,0,,,,,30,  call4, rl,0.26231,1,0,0,0,1,,
30,  all,mit,0.2284,0,0,1,0,1,,,30,  all,mit,0.2284,0,1,1,0,2,0.2284,30,,,30,  all,mit,0.2284,0,1,1,0,2,0.2284,30
30,  call4,mit,0.20307,0,0,0,0,0,,,30,  call4,mit,0.20307,0,1,0,0,1,,,,,30,  call4,mit,0.20307,1,1,0,0,2,0.20307,30
30,  rl,mit,0.18114,1,0,0,0,1,,,30,  rl,mit,0.18114,0,1,0,0,1,,,,,30,  rl,mit,0.18114,0,1,0,0,1,,
31,  call4, all,0.31392,0,0,0,1,1,,,31,  call4, all,0.31392,0,0,0,1,1,,,,,31,  call4, all,0.31392,1,0,0,1,2,0.31392,31
31,  rl, all,0.30081,1,0,0,1,2,31,0.30081,31,  rl, all,0.30081,0,0,0,1,1,,,,,31,  rl, all,0.30081,0,0,0,1,1,,
31,  call4,mit,0.26314,0,0,0,0,0,,,31,  call4,mit,0.26314,0,1,0,0,1,,,,,31,  call4,mit,0.26314,1,1,0,0,2,0.26314,31
31,  call4, rl,0.26046,0,1,0,0,1,,,31,  call4, rl,0.26046,0,0,0,0,0,,,,,31,  call4, rl,0.26046,1,0,0,0,1,,
31,  all,mit,0.22034,0,0,1,0,1,,,31,  all,mit,0.22034,0,1,1,0,2,0.22034,31,,,31,  all,mit,0.22034,0,1,1,0,2,0.22034,31
31,  rl,mit,0.19351,1,0,0,0,1,,,31,  rl,mit,0.19351,0,1,0,0,1,,,,,31,  rl,mit,0.19351,0,1,0,0,1,,
32,  call4, all,0.34601,0,0,0,1,1,,,32,  call4, all,0.34601,0,0,0,1,1,,,,,32,  call4, all,0.34601,1,0,0,1,2,0.34601,32
32,  rl, all,0.32244,1,0,0,1,2,32,0.32244,32,  rl, all,0.32244,0,0,0,1,1,,,,,32,  rl, all,0.32244,0,0,0,1,1,,
32,  call4, rl,0.29304,0,1,0,0,1,,,32,  call4, rl,0.29304,0,0,0,0,0,,,,,32,  call4, rl,0.29304,1,0,0,0,1,,
32,  call4,mit,0.25005,0,0,0,0,0,,,32,  call4,mit,0.25005,0,1,0,0,1,,,,,32,  call4,mit,0.25005,1,1,0,0,2,0.25005,32
32,  all,mit,0.23357,0,0,1,0,1,,,32,  all,mit,0.23357,0,1,1,0,2,0.23357,32,,,32,  all,mit,0.23357,0,1,1,0,2,0.23357,32
32,  rl,mit,0.15242,1,0,0,0,1,,,32,  rl,mit,0.15242,0,1,0,0,1,,,,,32,  rl,mit,0.15242,0,1,0,0,1,,
33,  rl, all,0.32094,1,0,0,1,2,33,0.32094,33,  rl, all,0.32094,0,0,0,1,1,,,,,33,  rl, all,0.32094,0,0,0,1,1,,
33,  call4, all,0.29816,0,0,0,1,1,,,33,  call4, all,0.29816,0,0,0,1,1,,,,,33,  call4, all,0.29816,1,0,0,1,2,0.29816,33
33,  call4, rl,0.2432,0,1,0,0,1,,,33,  call4, rl,0.2432,0,0,0,0,0,,,,,33,  call4, rl,0.2432,1,0,0,0,1,,
33,  call4,mit,0.23721,0,0,0,0,0,,,33,  call4,mit,0.23721,0,1,0,0,1,,,,,33,  call4,mit,0.23721,1,1,0,0,2,0.23721,33
33,  all,mit,0.22311,0,0,1,0,1,,,33,  all,mit,0.22311,0,1,1,0,2,0.22311,33,,,33,  all,mit,0.22311,0,1,1,0,2,0.22311,33
33,  rl,mit,0.16786,1,0,0,0,1,,,33,  rl,mit,0.16786,0,1,0,0,1,,,,,33,  rl,mit,0.16786,0,1,0,0,1,,
34,  call4, all,0.28109,0,0,0,1,1,,,34,  call4, all,0.28109,0,0,0,1,1,,,,,34,  call4, all,0.28109,1,0,0,1,2,0.28109,34
34,  rl, all,0.25477,1,0,0,1,2,34,0.25477,34,  rl, all,0.25477,0,0,0,1,1,,,,,34,  rl, all,0.25477,0,0,0,1,1,,
34,  call4, rl,0.25303,0,1,0,0,1,,,34,  call4, rl,0.25303,0,0,0,0,0,,,,,34,  call4, rl,0.25303,1,0,0,0,1,,
34,  all,mit,0.2336,0,0,1,0,1,,,34,  all,mit,0.2336,0,1,1,0,2,0.2336,34,,,34,  all,mit,0.2336,0,1,1,0,2,0.2336,34
34,  call4,mit,0.18708,0,0,0,0,0,,,34,  call4,mit,0.18708,0,1,0,0,1,,,,,34,  call4,mit,0.18708,1,1,0,0,2,0.18708,34
34,  rl,mit,0.16069,1,0,0,0,1,,,34,  rl,mit,0.16069,0,1,0,0,1,,,,,34,  rl,mit,0.16069,0,1,0,0,1,,
35,  rl, all,0.32831,1,0,0,1,2,35,0.32831,35,  rl, all,0.32831,0,0,0,1,1,,,,,35,  rl, all,0.32831,0,0,0,1,1,,
35,  call4, all,0.27702,0,0,0,1,1,,,35,  call4, all,0.27702,0,0,0,1,1,,,,,35,  call4, all,0.27702,1,0,0,1,2,0.27702,35
35,  call4, rl,0.26848,0,1,0,0,1,,,35,  call4, rl,0.26848,0,0,0,0,0,,,,,35,  call4, rl,0.26848,1,0,0,0,1,,
35,  all,mit,0.23755,0,0,1,0,1,,,35,  all,mit,0.23755,0,1,1,0,2,0.23755,35,,,35,  all,mit,0.23755,0,1,1,0,2,0.23755,35
35,  call4,mit,0.22355,0,0,0,0,0,,,35,  call4,mit,0.22355,0,1,0,0,1,,,,,35,  call4,mit,0.22355,1,1,0,0,2,0.22355,35
35,  rl,mit,0.18022,1,0,0,0,1,,,35,  rl,mit,0.18022,0,1,0,0,1,,,,,35,  rl,mit,0.18022,0,1,0,0,1,,
36,  call4, all,0.31024,0,0,0,1,1,,,36,  call4, all,0.31024,0,0,0,1,1,,,,,36,  call4, all,0.31024,1,0,0,1,2,0.31024,36
36,  rl, all,0.30303,1,0,0,1,2,36,0.30303,36,  rl, all,0.30303,0,0,0,1,1,,,,,36,  rl, all,0.30303,0,0,0,1,1,,
36,  call4, rl,0.2546,0,1,0,0,1,,,36,  call4, rl,0.2546,0,0,0,0,0,,,,,36,  call4, rl,0.2546,1,0,0,0,1,,
36,  all,mit,0.21231,0,0,1,0,1,,,36,  all,mit,0.21231,0,1,1,0,2,0.21231,36,,,36,  all,mit,0.21231,0,1,1,0,2,0.21231,36
36,  call4,mit,0.18121,0,0,0,0,0,,,36,  call4,mit,0.18121,0,1,0,0,1,,,,,36,  call4,mit,0.18121,1,1,0,0,2,0.18121,36
36,  rl,mit,0.15608,1,0,0,0,1,,,36,  rl,mit,0.15608,0,1,0,0,1,,,,,36,  rl,mit,0.15608,0,1,0,0,1,,
37,  call4, all,0.29278,0,0,0,1,1,,,37,  call4, all,0.29278,0,0,0,1,1,,,,,37,  call4, all,0.29278,1,0,0,1,2,0.29278,37
37,  rl, all,0.2776,1,0,0,1,2,37,0.2776,37,  rl, all,0.2776,0,0,0,1,1,,,,,37,  rl, all,0.2776,0,0,0,1,1,,
37,  call4, rl,0.26863,0,1,0,0,1,,,37,  call4, rl,0.26863,0,0,0,0,0,,,,,37,  call4, rl,0.26863,1,0,0,0,1,,
37,  all,mit,0.24404,0,0,1,0,1,,,37,  all,mit,0.24404,0,1,1,0,2,0.24404,37,,,37,  all,mit,0.24404,0,1,1,0,2,0.24404,37
37,  call4,mit,0.1866,0,0,0,0,0,,,37,  call4,mit,0.1866,0,1,0,0,1,,,,,37,  call4,mit,0.1866,1,1,0,0,2,0.1866,37
37,  rl,mit,0.14028,1,0,0,0,1,,,37,  rl,mit,0.14028,0,1,0,0,1,,,,,37,  rl,mit,0.14028,0,1,0,0,1,,
38,  rl, all,0.32101,1,0,0,1,2,38,0.32101,38,  rl, all,0.32101,0,0,0,1,1,,,,,38,  rl, all,0.32101,0,0,0,1,1,,
38,  call4, all,0.28989,0,0,0,1,1,,,38,  call4, all,0.28989,0,0,0,1,1,,,,,38,  call4, all,0.28989,1,0,0,1,2,0.28989,38
38,  call4,mit,0.23584,0,0,0,0,0,,,38,  call4,mit,0.23584,0,1,0,0,1,,,,,38,  call4,mit,0.23584,1,1,0,0,2,0.23584,38
38,  call4, rl,0.23162,0,1,0,0,1,,,38,  call4, rl,0.23162,0,0,0,0,0,,,,,38,  call4, rl,0.23162,1,0,0,0,1,,
38,  all,mit,0.22129,0,0,1,0,1,,,38,  all,mit,0.22129,0,1,1,0,2,0.22129,38,,,38,  all,mit,0.22129,0,1,1,0,2,0.22129,38
38,  rl,mit,0.21425,1,0,0,0,1,,,38,  rl,mit,0.21425,0,1,0,0,1,,,,,38,  rl,mit,0.21425,0,1,0,0,1,,
39,  rl, all,0.338,1,0,0,1,2,39,0.338,39,  rl, all,0.338,0,0,0,1,1,,,,,39,  rl, all,0.338,0,0,0,1,1,,
39,  call4, all,0.31605,0,0,0,1,1,,,39,  call4, all,0.31605,0,0,0,1,1,,,,,39,  call4, all,0.31605,1,0,0,1,2,0.31605,39
39,  call4, rl,0.28187,0,1,0,0,1,,,39,  call4, rl,0.28187,0,0,0,0,0,,,,,39,  call4, rl,0.28187,1,0,0,0,1,,
39,  all,mit,0.20663,0,0,1,0,1,,,39,  all,mit,0.20663,0,1,1,0,2,0.20663,39,,,39,  all,mit,0.20663,0,1,1,0,2,0.20663,39
39,  call4,mit,0.19916,0,0,0,0,0,,,39,  call4,mit,0.19916,0,1,0,0,1,,,,,39,  call4,mit,0.19916,1,1,0,0,2,0.19916,39
39,  rl,mit,0.14968,1,0,0,0,1,,,39,  rl,mit,0.14968,0,1,0,0,1,,,,,39,  rl,mit,0.14968,0,1,0,0,1,,
40,  rl, all,0.32594,1,0,0,1,2,40,0.32594,40,  rl, all,0.32594,0,0,0,1,1,,,,,40,  rl, all,0.32594,0,0,0,1,1,,
40,  call4, all,0.30824,0,0,0,1,1,,,40,  call4, all,0.30824,0,0,0,1,1,,,,,40,  call4, all,0.30824,1,0,0,1,2,0.30824,40
40,  call4, rl,0.29483,0,1,0,0,1,,,40,  call4, rl,0.29483,0,0,0,0,0,,,,,40,  call4, rl,0.29483,1,0,0,0,1,,
40,  all,mit,0.22704,0,0,1,0,1,,,40,  all,mit,0.22704,0,1,1,0,2,0.22704,40,,,40,  all,mit,0.22704,0,1,1,0,2,0.22704,40
40,  call4,mit,0.18942,0,0,0,0,0,,,40,  call4,mit,0.18942,0,1,0,0,1,,,,,40,  call4,mit,0.18942,1,1,0,0,2,0.18942,40
40,  rl,mit,0.18406,1,0,0,0,1,,,40,  rl,mit,0.18406,0,1,0,0,1,,,,,40,  rl,mit,0.18406,0,1,0,0,1,,
41,  rl, all,0.30331,1,0,0,1,2,41,0.30331,41,  rl, all,0.30331,0,0,0,1,1,,,,,41,  rl, all,0.30331,0,0,0,1,1,,
41,  call4, rl,0.27924,0,1,0,0,1,,,41,  call4, rl,0.27924,0,0,0,0,0,,,,,41,  call4, rl,0.27924,1,0,0,0,1,,
41,  call4, all,0.26642,0,0,0,1,1,,,41,  call4, all,0.26642,0,0,0,1,1,,,,,41,  call4, all,0.26642,1,0,0,1,2,0.26642,41
41,  all,mit,0.25335,0,0,1,0,1,,,41,  all,mit,0.25335,0,1,1,0,2,0.25335,41,,,41,  all,mit,0.25335,0,1,1,0,2,0.25335,41
41,  call4,mit,0.20354,0,0,0,0,0,,,41,  call4,mit,0.20354,0,1,0,0,1,,,,,41,  call4,mit,0.20354,1,1,0,0,2,0.20354,41
41,  rl,mit,0.19371,1,0,0,0,1,,,41,  rl,mit,0.19371,0,1,0,0,1,,,,,41,  rl,mit,0.19371,0,1,0,0,1,,
42,  call4, all,0.31363,0,0,0,1,1,,,42,  call4, all,0.31363,0,0,0,1,1,,,,,42,  call4, all,0.31363,1,0,0,1,2,0.31363,42
42,  rl, all,0.28027,1,0,0,1,2,42,0.28027,42,  rl, all,0.28027,0,0,0,1,1,,,,,42,  rl, all,0.28027,0,0,0,1,1,,
42,  all,mit,0.27758,0,0,1,0,1,,,42,  all,mit,0.27758,0,1,1,0,2,0.27758,42,,,42,  all,mit,0.27758,0,1,1,0,2,0.27758,42
42,  call4, rl,0.26538,0,1,0,0,1,,,42,  call4, rl,0.26538,0,0,0,0,0,,,,,42,  call4, rl,0.26538,1,0,0,0,1,,
42,  call4,mit,0.21518,0,0,0,0,0,,,42,  call4,mit,0.21518,0,1,0,0,1,,,,,42,  call4,mit,0.21518,1,1,0,0,2,0.21518,42
42,  rl,mit,0.19725,1,0,0,0,1,,,42,  rl,mit,0.19725,0,1,0,0,1,,,,,42,  rl,mit,0.19725,0,1,0,0,1,,
43,  call4, all,0.29749,0,0,0,1,1,,,43,  call4, all,0.29749,0,0,0,1,1,,,,,43,  call4, all,0.29749,1,0,0,1,2,0.29749,43
43,  rl, all,0.29621,1,0,0,1,2,43,0.29621,43,  rl, all,0.29621,0,0,0,1,1,,,,,43,  rl, all,0.29621,0,0,0,1,1,,
43,  call4, rl,0.27933,0,1,0,0,1,,,43,  call4, rl,0.27933,0,0,0,0,0,,,,,43,  call4, rl,0.27933,1,0,0,0,1,,
43,  all,mit,0.21487,0,0,1,0,1,,,43,  all,mit,0.21487,0,1,1,0,2,0.21487,43,,,43,  all,mit,0.21487,0,1,1,0,2,0.21487,43
43,  rl,mit,0.1821,1,0,0,0,1,,,43,  rl,mit,0.1821,0,1,0,0,1,,,,,43,  rl,mit,0.1821,0,1,0,0,1,,
43,  call4,mit,0.18114,0,0,0,0,0,,,43,  call4,mit,0.18114,0,1,0,0,1,,,,,43,  call4,mit,0.18114,1,1,0,0,2,0.18114,43
44,  rl, all,0.30913,1,0,0,1,2,44,0.30913,44,  rl, all,0.30913,0,0,0,1,1,,,,,44,  rl, all,0.30913,0,0,0,1,1,,
44,  call4, all,0.29944,0,0,0,1,1,,,44,  call4, all,0.29944,0,0,0,1,1,,,,,44,  call4, all,0.29944,1,0,0,1,2,0.29944,44
44,  call4, rl,0.28624,0,1,0,0,1,,,44,  call4, rl,0.28624,0,0,0,0,0,,,,,44,  call4, rl,0.28624,1,0,0,0,1,,
44,  all,mit,0.27668,0,0,1,0,1,,,44,  all,mit,0.27668,0,1,1,0,2,0.27668,44,,,44,  all,mit,0.27668,0,1,1,0,2,0.27668,44
44,  call4,mit,0.24805,0,0,0,0,0,,,44,  call4,mit,0.24805,0,1,0,0,1,,,,,44,  call4,mit,0.24805,1,1,0,0,2,0.24805,44
44,  rl,mit,0.16053,1,0,0,0,1,,,44,  rl,mit,0.16053,0,1,0,0,1,,,,,44,  rl,mit,0.16053,0,1,0,0,1,,
45,  call4, all,0.35003,0,0,0,1,1,,,45,  call4, all,0.35003,0,0,0,1,1,,,,,45,  call4, all,0.35003,1,0,0,1,2,0.35003,45
45,  call4, rl,0.30717,0,1,0,0,1,,,45,  call4, rl,0.30717,0,0,0,0,0,,,,,45,  call4, rl,0.30717,1,0,0,0,1,,
45,  rl, all,0.27347,1,0,0,1,2,45,0.27347,45,  rl, all,0.27347,0,0,0,1,1,,,,,45,  rl, all,0.27347,0,0,0,1,1,,
45,  call4,mit,0.22735,0,0,0,0,0,,,45,  call4,mit,0.22735,0,1,0,0,1,,,,,45,  call4,mit,0.22735,1,1,0,0,2,0.22735,45
45,  all,mit,0.22605,0,0,1,0,1,,,45,  all,mit,0.22605,0,1,1,0,2,0.22605,45,,,45,  all,mit,0.22605,0,1,1,0,2,0.22605,45
45,  rl,mit,0.18872,1,0,0,0,1,,,45,  rl,mit,0.18872,0,1,0,0,1,,,,,45,  rl,mit,0.18872,0,1,0,0,1,,
46,  call4, all,0.28235,0,0,0,1,1,,,46,  call4, all,0.28235,0,0,0,1,1,,,,,46,  call4, all,0.28235,1,0,0,1,2,0.28235,46
46,  rl, all,0.26544,1,0,0,1,2,46,0.26544,46,  rl, all,0.26544,0,0,0,1,1,,,,,46,  rl, all,0.26544,0,0,0,1,1,,
46,  call4, rl,0.25705,0,1,0,0,1,,,46,  call4, rl,0.25705,0,0,0,0,0,,,,,46,  call4, rl,0.25705,1,0,0,0,1,,
46,  call4,mit,0.23593,0,0,0,0,0,,,46,  call4,mit,0.23593,0,1,0,0,1,,,,,46,  call4,mit,0.23593,1,1,0,0,2,0.23593,46
46,  all,mit,0.20498,0,0,1,0,1,,,46,  all,mit,0.20498,0,1,1,0,2,0.20498,46,,,46,  all,mit,0.20498,0,1,1,0,2,0.20498,46
46,  rl,mit,0.16262,1,0,0,0,1,,,46,  rl,mit,0.16262,0,1,0,0,1,,,,,46,  rl,mit,0.16262,0,1,0,0,1,,
47,  rl, all,0.32379,1,0,0,1,2,47,0.32379,47,  rl, all,0.32379,0,0,0,1,1,,,,,47,  rl, all,0.32379,0,0,0,1,1,,
47,  call4, all,0.26843,0,0,0,1,1,,,47,  call4, all,0.26843,0,0,0,1,1,,,,,47,  call4, all,0.26843,1,0,0,1,2,0.26843,47
47,  call4, rl,0.2652,0,1,0,0,1,,,47,  call4, rl,0.2652,0,0,0,0,0,,,,,47,  call4, rl,0.2652,1,0,0,0,1,,
47,  all,mit,0.26304,0,0,1,0,1,,,47,  all,mit,0.26304,0,1,1,0,2,0.26304,47,,,47,  all,mit,0.26304,0,1,1,0,2,0.26304,47
47,  call4,mit,0.22993,0,0,0,0,0,,,47,  call4,mit,0.22993,0,1,0,0,1,,,,,47,  call4,mit,0.22993,1,1,0,0,2,0.22993,47
47,  rl,mit,0.21712,1,0,0,0,1,,,47,  rl,mit,0.21712,0,1,0,0,1,,,,,47,  rl,mit,0.21712,0,1,0,0,1,,
48,  call4, all,0.28297,0,0,0,1,1,,,48,  call4, all,0.28297,0,0,0,1,1,,,,,48,  call4, all,0.28297,1,0,0,1,2,0.28297,48
48,  call4, rl,0.27719,0,1,0,0,1,,,48,  call4, rl,0.27719,0,0,0,0,0,,,,,48,  call4, rl,0.27719,1,0,0,0,1,,
48,  rl, all,0.26135,1,0,0,1,2,48,0.26135,48,  rl, all,0.26135,0,0,0,1,1,,,,,48,  rl, all,0.26135,0,0,0,1,1,,
48,  all,mit,0.23021,0,0,1,0,1,,,48,  all,mit,0.23021,0,1,1,0,2,0.23021,48,,,48,  all,mit,0.23021,0,1,1,0,2,0.23021,48
48,  call4,mit,0.22336,0,0,0,0,0,,,48,  call4,mit,0.22336,0,1,0,0,1,,,,,48,  call4,mit,0.22336,1,1,0,0,2,0.22336,48
48,  rl,mit,0.18994,1,0,0,0,1,,,48,  rl,mit,0.18994,0,1,0,0,1,,,,,48,  rl,mit,0.18994,0,1,0,0,1,,
49,  call4, all,0.37084,0,0,0,1,1,,,49,  call4, all,0.37084,0,0,0,1,1,,,,,49,  call4, all,0.37084,1,0,0,1,2,0.37084,49
49,  rl, all,0.2679,1,0,0,1,2,49,0.2679,49,  rl, all,0.2679,0,0,0,1,1,,,,,49,  rl, all,0.2679,0,0,0,1,1,,
49,  call4, rl,0.25781,0,1,0,0,1,,,49,  call4, rl,0.25781,0,0,0,0,0,,,,,49,  call4, rl,0.25781,1,0,0,0,1,,
49,  all,mit,0.2203,0,0,1,0,1,,,49,  all,mit,0.2203,0,1,1,0,2,0.2203,49,,,49,  all,mit,0.2203,0,1,1,0,2,0.2203,49
49,  call4,mit,0.16698,0,0,0,0,0,,,49,  call4,mit,0.16698,0,1,0,0,1,,,,,49,  call4,mit,0.16698,1,1,0,0,2,0.16698,49
49,  rl,mit,0.16337,1,0,0,0,1,,,49,  rl,mit,0.16337,0,1,0,0,1,,,,,49,  rl,mit,0.16337,0,1,0,0,1,,
50,  call4, all,0.31873,0,0,0,1,1,,,50,  call4, all,0.31873,0,0,0,1,1,,,,,50,  call4, all,0.31873,1,0,0,1,2,0.31873,50
50,  rl, all,0.28006,1,0,0,1,2,50,0.28006,50,  rl, all,0.28006,0,0,0,1,1,,,,,50,  rl, all,0.28006,0,0,0,1,1,,
50,  call4, rl,0.23345,0,1,0,0,1,,,50,  call4, rl,0.23345,0,0,0,0,0,,,,,50,  call4, rl,0.23345,1,0,0,0,1,,
50,  call4,mit,0.23018,0,0,0,0,0,,,50,  call4,mit,0.23018,0,1,0,0,1,,,,,50,  call4,mit,0.23018,1,1,0,0,2,0.23018,50
50,  rl,mit,0.19563,1,0,0,0,1,,,50,  rl,mit,0.19563,0,1,0,0,1,,,,,50,  rl,mit,0.19563,0,1,0,0,1,,
50,  all,mit,0.18944,0,0,1,0,1,,,50,  all,mit,0.18944,0,1,1,0,2,0.18944,50,,,50,  all,mit,0.18944,0,1,1,0,2,0.18944,50
51,  call4, all,0.34951,0,0,0,1,1,,,51,  call4, all,0.34951,0,0,0,1,1,,,,,51,  call4, all,0.34951,1,0,0,1,2,0.34951,51
51,  rl, all,0.31071,1,0,0,1,2,51,0.31071,51,  rl, all,0.31071,0,0,0,1,1,,,,,51,  rl, all,0.31071,0,0,0,1,1,,
51,  call4, rl,0.24244,0,1,0,0,1,,,51,  call4, rl,0.24244,0,0,0,0,0,,,,,51,  call4, rl,0.24244,1,0,0,0,1,,
51,  all,mit,0.21739,0,0,1,0,1,,,51,  all,mit,0.21739,0,1,1,0,2,0.21739,51,,,51,  all,mit,0.21739,0,1,1,0,2,0.21739,51
51,  call4,mit,0.1903,0,0,0,0,0,,,51,  call4,mit,0.1903,0,1,0,0,1,,,,,51,  call4,mit,0.1903,1,1,0,0,2,0.1903,51
51,  rl,mit,0.18427,1,0,0,0,1,,,51,  rl,mit,0.18427,0,1,0,0,1,,,,,51,  rl,mit,0.18427,0,1,0,0,1,,
52,  call4, all,0.299,0,0,0,1,1,,,52,  call4, all,0.299,0,0,0,1,1,,,,,52,  call4, all,0.299,1,0,0,1,2,0.299,52
52,  call4, rl,0.26113,0,1,0,0,1,,,52,  call4, rl,0.26113,0,0,0,0,0,,,,,52,  call4, rl,0.26113,1,0,0,0,1,,
52,  rl, all,0.253,1,0,0,1,2,52,0.253,52,  rl, all,0.253,0,0,0,1,1,,,,,52,  rl, all,0.253,0,0,0,1,1,,
52,  all,mit,0.22556,0,0,1,0,1,,,52,  all,mit,0.22556,0,1,1,0,2,0.22556,52,,,52,  all,mit,0.22556,0,1,1,0,2,0.22556,52
52,  call4,mit,0.19785,0,0,0,0,0,,,52,  call4,mit,0.19785,0,1,0,0,1,,,,,52,  call4,mit,0.19785,1,1,0,0,2,0.19785,52
52,  rl,mit,0.19206,1,0,0,0,1,,,52,  rl,mit,0.19206,0,1,0,0,1,,,,,52,  rl,mit,0.19206,0,1,0,0,1,,
53,  rl, all,0.36304,1,0,0,1,2,53,0.36304,53,  rl, all,0.36304,0,0,0,1,1,,,,,53,  rl, all,0.36304,0,0,0,1,1,,
53,  call4, all,0.30793,0,0,0,1,1,,,53,  call4, all,0.30793,0,0,0,1,1,,,,,53,  call4, all,0.30793,1,0,0,1,2,0.30793,53
53,  call4, rl,0.24959,0,1,0,0,1,,,53,  call4, rl,0.24959,0,0,0,0,0,,,,,53,  call4, rl,0.24959,1,0,0,0,1,,
53,  all,mit,0.22099,0,0,1,0,1,,,53,  all,mit,0.22099,0,1,1,0,2,0.22099,53,,,53,  all,mit,0.22099,0,1,1,0,2,0.22099,53
53,  call4,mit,0.21889,0,0,0,0,0,,,53,  call4,mit,0.21889,0,1,0,0,1,,,,,53,  call4,mit,0.21889,1,1,0,0,2,0.21889,53
53,  rl,mit,0.17738,1,0,0,0,1,,,53,  rl,mit,0.17738,0,1,0,0,1,,,,,53,  rl,mit,0.17738,0,1,0,0,1,,
54,  call4, all,0.36005,0,0,0,1,1,,,54,  call4, all,0.36005,0,0,0,1,1,,,,,54,  call4, all,0.36005,1,0,0,1,2,0.36005,54
54,  rl, all,0.27693,1,0,0,1,2,54,0.27693,54,  rl, all,0.27693,0,0,0,1,1,,,,,54,  rl, all,0.27693,0,0,0,1,1,,
54,  call4,mit,0.26479,0,0,0,0,0,,,54,  call4,mit,0.26479,0,1,0,0,1,,,,,54,  call4,mit,0.26479,1,1,0,0,2,0.26479,54
54,  call4, rl,0.26278,0,1,0,0,1,,,54,  call4, rl,0.26278,0,0,0,0,0,,,,,54,  call4, rl,0.26278,1,0,0,0,1,,
54,  all,mit,0.24429,0,0,1,0,1,,,54,  all,mit,0.24429,0,1,1,0,2,0.24429,54,,,54,  all,mit,0.24429,0,1,1,0,2,0.24429,54
54,  rl,mit,0.18471,1,0,0,0,1,,,54,  rl,mit,0.18471,0,1,0,0,1,,,,,54,  rl,mit,0.18471,0,1,0,0,1,,
55,  call4, all,0.32754,0,0,0,1,1,,,55,  call4, all,0.32754,0,0,0,1,1,,,,,55,  call4, all,0.32754,1,0,0,1,2,0.32754,55
55,  rl, all,0.29326,1,0,0,1,2,55,0.29326,55,  rl, all,0.29326,0,0,0,1,1,,,,,55,  rl, all,0.29326,0,0,0,1,1,,
55,  call4, rl,0.27818,0,1,0,0,1,,,55,  call4, rl,0.27818,0,0,0,0,0,,,,,55,  call4, rl,0.27818,1,0,0,0,1,,
55,  all,mit,0.21617,0,0,1,0,1,,,55,  all,mit,0.21617,0,1,1,0,2,0.21617,55,,,55,  all,mit,0.21617,0,1,1,0,2,0.21617,55
55,  call4,mit,0.21081,0,0,0,0,0,,,55,  call4,mit,0.21081,0,1,0,0,1,,,,,55,  call4,mit,0.21081,1,1,0,0,2,0.21081,55
55,  rl,mit,0.16671,1,0,0,0,1,,,55,  rl,mit,0.16671,0,1,0,0,1,,,,,55,  rl,mit,0.16671,0,1,0,0,1,,
56,  call4, all,0.30053,0,0,0,1,1,,,56,  call4, all,0.30053,0,0,0,1,1,,,,,56,  call4, all,0.30053,1,0,0,1,2,0.30053,56
56,  rl, all,0.29449,1,0,0,1,2,56,0.29449,56,  rl, all,0.29449,0,0,0,1,1,,,,,56,  rl, all,0.29449,0,0,0,1,1,,
56,  call4, rl,0.29016,0,1,0,0,1,,,56,  call4, rl,0.29016,0,0,0,0,0,,,,,56,  call4, rl,0.29016,1,0,0,0,1,,
56,  all,mit,0.27204,0,0,1,0,1,,,56,  all,mit,0.27204,0,1,1,0,2,0.27204,56,,,56,  all,mit,0.27204,0,1,1,0,2,0.27204,56
56,  rl,mit,0.22319,1,0,0,0,1,,,56,  rl,mit,0.22319,0,1,0,0,1,,,,,56,  rl,mit,0.22319,0,1,0,0,1,,
56,  call4,mit,0.20516,0,0,0,0,0,,,56,  call4,mit,0.20516,0,1,0,0,1,,,,,56,  call4,mit,0.20516,1,1,0,0,2,0.20516,56
57,  call4, all,0.32493,0,0,0,1,1,,,57,  call4, all,0.32493,0,0,0,1,1,,,,,57,  call4, all,0.32493,1,0,0,1,2,0.32493,57
57,  call4, rl,0.28517,0,1,0,0,1,,,57,  call4, rl,0.28517,0,0,0,0,0,,,,,57,  call4, rl,0.28517,1,0,0,0,1,,
57,  rl, all,0.2847,1,0,0,1,2,57,0.2847,57,  rl, all,0.2847,0,0,0,1,1,,,,,57,  rl, all,0.2847,0,0,0,1,1,,
57,  all,mit,0.2501,0,0,1,0,1,,,57,  all,mit,0.2501,0,1,1,0,2,0.2501,57,,,57,  all,mit,0.2501,0,1,1,0,2,0.2501,57
57,  call4,mit,0.2314,0,0,0,0,0,,,57,  call4,mit,0.2314,0,1,0,0,1,,,,,57,  call4,mit,0.2314,1,1,0,0,2,0.2314,57
57,  rl,mit,0.16484,1,0,0,0,1,,,57,  rl,mit,0.16484,0,1,0,0,1,,,,,57,  rl,mit,0.16484,0,1,0,0,1,,
58,  call4, all,0.31003,0,0,0,1,1,,,58,  call4, all,0.31003,0,0,0,1,1,,,,,58,  call4, all,0.31003,1,0,0,1,2,0.31003,58
58,  rl, all,0.29612,1,0,0,1,2,58,0.29612,58,  rl, all,0.29612,0,0,0,1,1,,,,,58,  rl, all,0.29612,0,0,0,1,1,,
58,  call4, rl,0.27904,0,1,0,0,1,,,58,  call4, rl,0.27904,0,0,0,0,0,,,,,58,  call4, rl,0.27904,1,0,0,0,1,,
58,  all,mit,0.25657,0,0,1,0,1,,,58,  all,mit,0.25657,0,1,1,0,2,0.25657,58,,,58,  all,mit,0.25657,0,1,1,0,2,0.25657,58
58,  call4,mit,0.21925,0,0,0,0,0,,,58,  call4,mit,0.21925,0,1,0,0,1,,,,,58,  call4,mit,0.21925,1,1,0,0,2,0.21925,58
58,  rl,mit,0.17902,1,0,0,0,1,,,58,  rl,mit,0.17902,0,1,0,0,1,,,,,58,  rl,mit,0.17902,0,1,0,0,1,,
59,  call4, all,0.31043,0,0,0,1,1,,,59,  call4, all,0.31043,0,0,0,1,1,,,,,59,  call4, all,0.31043,1,0,0,1,2,0.31043,59
59,  rl, all,0.27248,1,0,0,1,2,59,0.27248,59,  rl, all,0.27248,0,0,0,1,1,,,,,59,  rl, all,0.27248,0,0,0,1,1,,
59,  call4, rl,0.26598,0,1,0,0,1,,,59,  call4, rl,0.26598,0,0,0,0,0,,,,,59,  call4, rl,0.26598,1,0,0,0,1,,
59,  all,mit,0.23055,0,0,1,0,1,,,59,  all,mit,0.23055,0,1,1,0,2,0.23055,59,,,59,  all,mit,0.23055,0,1,1,0,2,0.23055,59
59,  call4,mit,0.19924,0,0,0,0,0,,,59,  call4,mit,0.19924,0,1,0,0,1,,,,,59,  call4,mit,0.19924,1,1,0,0,2,0.19924,59
59,  rl,mit,0.19684,1,0,0,0,1,,,59,  rl,mit,0.19684,0,1,0,0,1,,,,,59,  rl,mit,0.19684,0,1,0,0,1,,
60,  call4, rl,0.3291,0,1,0,0,1,,,60,  call4, rl,0.3291,0,0,0,0,0,,,,,60,  call4, rl,0.3291,1,0,0,0,1,,
60,  rl, all,0.31698,1,0,0,1,2,60,0.31698,60,  rl, all,0.31698,0,0,0,1,1,,,,,60,  rl, all,0.31698,0,0,0,1,1,,
60,  call4, all,0.30793,0,0,0,1,1,,,60,  call4, all,0.30793,0,0,0,1,1,,,,,60,  call4, all,0.30793,1,0,0,1,2,0.30793,60
60,  all,mit,0.23873,0,0,1,0,1,,,60,  all,mit,0.23873,0,1,1,0,2,0.23873,60,,,60,  all,mit,0.23873,0,1,1,0,2,0.23873,60
60,  call4,mit,0.19584,0,0,0,0,0,,,60,  call4,mit,0.19584,0,1,0,0,1,,,,,60,  call4,mit,0.19584,1,1,0,0,2,0.19584,60
60,  rl,mit,0.16485,1,0,0,0,1,,,60,  rl,mit,0.16485,0,1,0,0,1,,,,,60,  rl,mit,0.16485,0,1,0,0,1,,
61,  call4, rl,0.30758,0,1,0,0,1,,,61,  call4, rl,0.30758,0,0,0,0,0,,,,,61,  call4, rl,0.30758,1,0,0,0,1,,
61,  rl, all,0.30631,1,0,0,1,2,61,0.30631,61,  rl, all,0.30631,0,0,0,1,1,,,,,61,  rl, all,0.30631,0,0,0,1,1,,
61,  call4, all,0.30252,0,0,0,1,1,,,61,  call4, all,0.30252,0,0,0,1,1,,,,,61,  call4, all,0.30252,1,0,0,1,2,0.30252,61
61,  all,mit,0.22576,0,0,1,0,1,,,61,  all,mit,0.22576,0,1,1,0,2,0.22576,61,,,61,  all,mit,0.22576,0,1,1,0,2,0.22576,61
61,  call4,mit,0.20956,0,0,0,0,0,,,61,  call4,mit,0.20956,0,1,0,0,1,,,,,61,  call4,mit,0.20956,1,1,0,0,2,0.20956,61
61,  rl,mit,0.18142,1,0,0,0,1,,,61,  rl,mit,0.18142,0,1,0,0,1,,,,,61,  rl,mit,0.18142,0,1,0,0,1,,
62,  call4, all,0.31212,0,0,0,1,1,,,62,  call4, all,0.31212,0,0,0,1,1,,,,,62,  call4, all,0.31212,1,0,0,1,2,0.31212,62
62,  rl, all,0.28257,1,0,0,1,2,62,0.28257,62,  rl, all,0.28257,0,0,0,1,1,,,,,62,  rl, all,0.28257,0,0,0,1,1,,
62,  call4, rl,0.24438,0,1,0,0,1,,,62,  call4, rl,0.24438,0,0,0,0,0,,,,,62,  call4, rl,0.24438,1,0,0,0,1,,
62,  call4,mit,0.23843,0,0,0,0,0,,,62,  call4,mit,0.23843,0,1,0,0,1,,,,,62,  call4,mit,0.23843,1,1,0,0,2,0.23843,62
62,  all,mit,0.21249,0,0,1,0,1,,,62,  all,mit,0.21249,0,1,1,0,2,0.21249,62,,,62,  all,mit,0.21249,0,1,1,0,2,0.21249,62
62,  rl,mit,0.15283,1,0,0,0,1,,,62,  rl,mit,0.15283,0,1,0,0,1,,,,,62,  rl,mit,0.15283,0,1,0,0,1,,
63,  call4, all,0.34617,0,0,0,1,1,,,63,  call4, all,0.34617,0,0,0,1,1,,,,,63,  call4, all,0.34617,1,0,0,1,2,0.34617,63
63,  rl, all,0.30998,1,0,0,1,2,63,0.30998,63,  rl, all,0.30998,0,0,0,1,1,,,,,63,  rl, all,0.30998,0,0,0,1,1,,
63,  call4, rl,0.24287,0,1,0,0,1,,,63,  call4, rl,0.24287,0,0,0,0,0,,,,,63,  call4, rl,0.24287,1,0,0,0,1,,
63,  call4,mit,0.23909,0,0,0,0,0,,,63,  call4,mit,0.23909,0,1,0,0,1,,,,,63,  call4,mit,0.23909,1,1,0,0,2,0.23909,63
63,  all,mit,0.20232,0,0,1,0,1,,,63,  all,mit,0.20232,0,1,1,0,2,0.20232,63,,,63,  all,mit,0.20232,0,1,1,0,2,0.20232,63
63,  rl,mit,0.18912,1,0,0,0,1,,,63,  rl,mit,0.18912,0,1,0,0,1,,,,,63,  rl,mit,0.18912,0,1,0,0,1,,
64,  all,mit,0.30735,0,0,1,0,1,,,64,  all,mit,0.30735,0,1,1,0,2,0.30735,64,,,64,  all,mit,0.30735,0,1,1,0,2,0.30735,64
64,  call4, all,0.29907,0,0,0,1,1,,,64,  call4, all,0.29907,0,0,0,1,1,,,,,64,  call4, all,0.29907,1,0,0,1,2,0.29907,64
64,  rl, all,0.27721,1,0,0,1,2,64,0.27721,64,  rl, all,0.27721,0,0,0,1,1,,,,,64,  rl, all,0.27721,0,0,0,1,1,,
64,  call4, rl,0.25076,0,1,0,0,1,,,64,  call4, rl,0.25076,0,0,0,0,0,,,,,64,  call4, rl,0.25076,1,0,0,0,1,,
64,  call4,mit,0.2304,0,0,0,0,0,,,64,  call4,mit,0.2304,0,1,0,0,1,,,,,64,  call4,mit,0.2304,1,1,0,0,2,0.2304,64
64,  rl,mit,0.20233,1,0,0,0,1,,,64,  rl,mit,0.20233,0,1,0,0,1,,,,,64,  rl,mit,0.20233,0,1,0,0,1,,
65,  call4, all,0.33327,0,0,0,1,1,,,65,  call4, all,0.33327,0,0,0,1,1,,,,,65,  call4, all,0.33327,1,0,0,1,2,0.33327,65
65,  rl, all,0.26272,1,0,0,1,2,65,0.26272,65,  rl, all,0.26272,0,0,0,1,1,,,,,65,  rl, all,0.26272,0,0,0,1,1,,
65,  call4, rl,0.25585,0,1,0,0,1,,,65,  call4, rl,0.25585,0,0,0,0,0,,,,,65,  call4, rl,0.25585,1,0,0,0,1,,
65,  all,mit,0.21289,0,0,1,0,1,,,65,  all,mit,0.21289,0,1,1,0,2,0.21289,65,,,65,  all,mit,0.21289,0,1,1,0,2,0.21289,65
65,  call4,mit,0.19164,0,0,0,0,0,,,65,  call4,mit,0.19164,0,1,0,0,1,,,,,65,  call4,mit,0.19164,1,1,0,0,2,0.19164,65
65,  rl,mit,0.12007,1,0,0,0,1,,,65,  rl,mit,0.12007,0,1,0,0,1,,,,,65,  rl,mit,0.12007,0,1,0,0,1,,
66,  rl, all,0.28816,1,0,0,1,2,66,0.28816,66,  rl, all,0.28816,0,0,0,1,1,,,,,66,  rl, all,0.28816,0,0,0,1,1,,
66,  call4, all,0.25579,0,0,0,1,1,,,66,  call4, all,0.25579,0,0,0,1,1,,,,,66,  call4, all,0.25579,1,0,0,1,2,0.25579,66
66,  call4,mit,0.23302,0,0,0,0,0,,,66,  call4,mit,0.23302,0,1,0,0,1,,,,,66,  call4,mit,0.23302,1,1,0,0,2,0.23302,66
66,  call4, rl,0.21954,0,1,0,0,1,,,66,  call4, rl,0.21954,0,0,0,0,0,,,,,66,  call4, rl,0.21954,1,0,0,0,1,,
66,  all,mit,0.21004,0,0,1,0,1,,,66,  all,mit,0.21004,0,1,1,0,2,0.21004,66,,,66,  all,mit,0.21004,0,1,1,0,2,0.21004,66
66,  rl,mit,0.16487,1,0,0,0,1,,,66,  rl,mit,0.16487,0,1,0,0,1,,,,,66,  rl,mit,0.16487,0,1,0,0,1,,
67,  call4, all,0.30029,0,0,0,1,1,,,67,  call4, all,0.30029,0,0,0,1,1,,,,,67,  call4, all,0.30029,1,0,0,1,2,0.30029,67
67,  rl, all,0.2738,1,0,0,1,2,67,0.2738,67,  rl, all,0.2738,0,0,0,1,1,,,,,67,  rl, all,0.2738,0,0,0,1,1,,
67,  call4, rl,0.27022,0,1,0,0,1,,,67,  call4, rl,0.27022,0,0,0,0,0,,,,,67,  call4, rl,0.27022,1,0,0,0,1,,
67,  call4,mit,0.21609,0,0,0,0,0,,,67,  call4,mit,0.21609,0,1,0,0,1,,,,,67,  call4,mit,0.21609,1,1,0,0,2,0.21609,67
67,  all,mit,0.20963,0,0,1,0,1,,,67,  all,mit,0.20963,0,1,1,0,2,0.20963,67,,,67,  all,mit,0.20963,0,1,1,0,2,0.20963,67
67,  rl,mit,0.20466,1,0,0,0,1,,,67,  rl,mit,0.20466,0,1,0,0,1,,,,,67,  rl,mit,0.20466,0,1,0,0,1,,
68,  call4, all,0.30775,0,0,0,1,1,,,68,  call4, all,0.30775,0,0,0,1,1,,,,,68,  call4, all,0.30775,1,0,0,1,2,0.30775,68
68,  rl, all,0.30703,1,0,0,1,2,68,0.30703,68,  rl, all,0.30703,0,0,0,1,1,,,,,68,  rl, all,0.30703,0,0,0,1,1,,
68,  call4, rl,0.27778,0,1,0,0,1,,,68,  call4, rl,0.27778,0,0,0,0,0,,,,,68,  call4, rl,0.27778,1,0,0,0,1,,
68,  call4,mit,0.23582,0,0,0,0,0,,,68,  call4,mit,0.23582,0,1,0,0,1,,,,,68,  call4,mit,0.23582,1,1,0,0,2,0.23582,68
68,  all,mit,0.22896,0,0,1,0,1,,,68,  all,mit,0.22896,0,1,1,0,2,0.22896,68,,,68,  all,mit,0.22896,0,1,1,0,2,0.22896,68
68,  rl,mit,0.18937,1,0,0,0,1,,,68,  rl,mit,0.18937,0,1,0,0,1,,,,,68,  rl,mit,0.18937,0,1,0,0,1,,
69,  rl, all,0.32803,1,0,0,1,2,69,0.32803,69,  rl, all,0.32803,0,0,0,1,1,,,,,69,  rl, all,0.32803,0,0,0,1,1,,
69,  call4, all,0.32706,0,0,0,1,1,,,69,  call4, all,0.32706,0,0,0,1,1,,,,,69,  call4, all,0.32706,1,0,0,1,2,0.32706,69
69,  call4, rl,0.2663,0,1,0,0,1,,,69,  call4, rl,0.2663,0,0,0,0,0,,,,,69,  call4, rl,0.2663,1,0,0,0,1,,
69,  all,mit,0.22459,0,0,1,0,1,,,69,  all,mit,0.22459,0,1,1,0,2,0.22459,69,,,69,  all,mit,0.22459,0,1,1,0,2,0.22459,69
69,  call4,mit,0.21475,0,0,0,0,0,,,69,  call4,mit,0.21475,0,1,0,0,1,,,,,69,  call4,mit,0.21475,1,1,0,0,2,0.21475,69
69,  rl,mit,0.19814,1,0,0,0,1,,,69,  rl,mit,0.19814,0,1,0,0,1,,,,,69,  rl,mit,0.19814,0,1,0,0,1,,
70,  rl, all,0.33886,1,0,0,1,2,70,0.33886,70,  rl, all,0.33886,0,0,0,1,1,,,,,70,  rl, all,0.33886,0,0,0,1,1,,
70,  call4, all,0.32878,0,0,0,1,1,,,70,  call4, all,0.32878,0,0,0,1,1,,,,,70,  call4, all,0.32878,1,0,0,1,2,0.32878,70
70,  all,mit,0.25949,0,0,1,0,1,,,70,  all,mit,0.25949,0,1,1,0,2,0.25949,70,,,70,  all,mit,0.25949,0,1,1,0,2,0.25949,70
70,  call4,mit,0.23299,0,0,0,0,0,,,70,  call4,mit,0.23299,0,1,0,0,1,,,,,70,  call4,mit,0.23299,1,1,0,0,2,0.23299,70
70,  call4, rl,0.23049,0,1,0,0,1,,,70,  call4, rl,0.23049,0,0,0,0,0,,,,,70,  call4, rl,0.23049,1,0,0,0,1,,
70,  rl,mit,0.18905,1,0,0,0,1,,,70,  rl,mit,0.18905,0,1,0,0,1,,,,,70,  rl,mit,0.18905,0,1,0,0,1,,
71,  call4, all,0.31657,0,0,0,1,1,,,71,  call4, all,0.31657,0,0,0,1,1,,,,,71,  call4, all,0.31657,1,0,0,1,2,0.31657,71
71,  rl, all,0.30654,1,0,0,1,2,71,0.30654,71,  rl, all,0.30654,0,0,0,1,1,,,,,71,  rl, all,0.30654,0,0,0,1,1,,
71,  call4, rl,0.28752,0,1,0,0,1,,,71,  call4, rl,0.28752,0,0,0,0,0,,,,,71,  call4, rl,0.28752,1,0,0,0,1,,
71,  call4,mit,0.23718,0,0,0,0,0,,,71,  call4,mit,0.23718,0,1,0,0,1,,,,,71,  call4,mit,0.23718,1,1,0,0,2,0.23718,71
71,  all,mit,0.21868,0,0,1,0,1,,,71,  all,mit,0.21868,0,1,1,0,2,0.21868,71,,,71,  all,mit,0.21868,0,1,1,0,2,0.21868,71
71,  rl,mit,0.17017,1,0,0,0,1,,,71,  rl,mit,0.17017,0,1,0,0,1,,,,,71,  rl,mit,0.17017,0,1,0,0,1,,
72,  call4, all,0.29605,0,0,0,1,1,,,72,  call4, all,0.29605,0,0,0,1,1,,,,,72,  call4, all,0.29605,1,0,0,1,2,0.29605,72
72,  rl, all,0.29124,1,0,0,1,2,72,0.29124,72,  rl, all,0.29124,0,0,0,1,1,,,,,72,  rl, all,0.29124,0,0,0,1,1,,
72,  call4, rl,0.24301,0,1,0,0,1,,,72,  call4, rl,0.24301,0,0,0,0,0,,,,,72,  call4, rl,0.24301,1,0,0,0,1,,
72,  call4,mit,0.20711,0,0,0,0,0,,,72,  call4,mit,0.20711,0,1,0,0,1,,,,,72,  call4,mit,0.20711,1,1,0,0,2,0.20711,72
72,  all,mit,0.18798,0,0,1,0,1,,,72,  all,mit,0.18798,0,1,1,0,2,0.18798,72,,,72,  all,mit,0.18798,0,1,1,0,2,0.18798,72
72,  rl,mit,0.18277,1,0,0,0,1,,,72,  rl,mit,0.18277,0,1,0,0,1,,,,,72,  rl,mit,0.18277,0,1,0,0,1,,
